credit_score,income,loan_amount,loan_term,interest_rate,debt_to_income_ratio,employment_years,savings_balance,age,default_risk_score
810,107410.0,11924.0,48,7.97,43.29,32,27181.0,58,7634.543365888612
418,37482.0,19291.0,24,6.94,11.01,33,15089.0,43,6249.833058945462
724,85641.0,39501.0,36,8.59,37.11,0,97459.0,33,2148.117990369962
444,73331.0,25714.0,36,13.09,33.39,18,2413.0,48,4979.385344103728
440,46723.0,35651.0,36,8.3,46.21,6,9716.0,42,2993.851949532455
634,149410.0,7520.0,36,8.56,35.98,12,57089.0,66,8572.770742060935
422,86150.0,36910.0,12,11.73,46.69,30,60119.0,27,2758.649580980852
679,99671.0,7307.0,12,3.38,42.58,3,2739.0,34,8624.958225460367
526,141041.0,33270.0,48,12.56,17.24,8,10619.0,36,3463.5192297438152
582,106652.0,22921.0,48,14.14,43.1,3,20661.0,47,5514.51101434091
551,58890.0,36010.0,36,11.66,45.44,26,13362.0,37,2924.5604276640856
771,39541.0,26675.0,60,7.49,29.14,5,16939.0,59,4728.648156118942
307,70108.0,44951.0,36,4.6,34.04,4,27785.0,64,1187.6216491627997
553,68364.0,5097.0,48,10.71,19.65,12,13703.0,54,9088.10774501608
773,66167.0,41727.0,24,12.82,43.84,15,76508.0,55,1693.2217510102532
546,53660.0,44905.0,48,13.19,18.35,3,38170.0,35,1116.9318500957345
302,131925.0,8390.0,12,3.59,22.68,6,86130.0,30,8485.307983736595
471,139076.0,34328.0,12,9.42,44.0,22,28840.0,45,3255.7185842478725
670,105112.0,18937.0,60,7.54,46.71,28,86338.0,41,6266.136622263704
745,145150.0,40525.0,24,13.88,38.82,11,32959.0,40,1925.5344355977236
563,101412.0,34619.0,36,11.15,49.91,0,20823.0,33,3205.291107105235
524,76446.0,18493.0,36,9.57,25.72,7,92091.0,42,6400.51215462465
825,52556.0,18230.0,36,10.04,28.6,29,26442.0,60,6381.425418327071
808,114613.0,45957.0,36,10.91,32.88,1,9493.0,38,842.035721616383
617,26276.0,11971.0,36,9.53,15.65,8,17221.0,34,7675.441678348375
570,102565.0,20504.0,48,8.27,15.42,15,21575.0,36,5997.62197533238
516,42042.0,48950.0,24,5.14,34.4,9,99524.0,40,299.6542045982403
322,45931.0,32286.0,36,14.96,47.58,14,9336.0,58,3723.787592936143
723,141717.0,16116.0,48,3.46,17.68,5,42933.0,36,6823.179621048148
673,43411.0,16435.0,36,3.15,24.19,14,4581.0,39,6761.903547323556
773,143867.0,40262.0,12,3.33,21.85,19,70400.0,38,1967.4545183351884
333,135886.0,6089.0,12,2.71,47.64,32,13894.0,30,8941.087346943466
804,27491.0,49857.0,36,11.96,29.0,21,1313.0,33,61.649945012857714
567,102711.0,13894.0,24,14.66,39.99,12,89234.0,52,7300.508699080747
804,73002.0,44882.0,36,9.33,42.69,33,44247.0,34,1044.0774813850817
489,73276.0,24614.0,36,11.31,18.97,13,82597.0,48,5187.11173974884
321,125373.0,37581.0,36,6.37,37.29,12,87640.0,30,2645.64879536343
555,140030.0,17763.0,24,14.57,16.65,25,5409.0,57,6532.612350321122
301,47345.0,38537.0,60,9.23,43.26,22,52127.0,57,2481.8356203585627
453,80504.0,21920.0,12,8.33,32.09,29,99976.0,19,5737.457852350187
406,49402.0,29089.0,12,14.01,19.26,15,39643.0,21,4330.842714899623
451,145341.0,38893.0,24,10.62,10.52,18,33688.0,51,2323.1990250962394
307,132718.0,30227.0,36,11.31,25.84,3,33760.0,21,4143.64448225768
719,59443.0,30000.0,36,13.69,23.65,0,8071.0,35,4043.52868185625
352,70948.0,45461.0,36,5.08,28.07,31,5972.0,18,1086.553536825101
540,64623.0,42650.0,60,6.22,21.76,11,47657.0,37,1561.456666171126
522,42890.0,42487.0,36,7.9,12.85,16,98185.0,66,1576.9735428647743
820,20060.0,11471.0,60,10.89,39.52,5,19665.0,27,7740.408358830185
691,65186.0,37779.0,60,5.95,49.54,7,32888.0,50,2489.9802274631124
805,76979.0,29837.0,48,14.5,40.66,15,7910.0,57,4066.4626634388565
438,33350.0,6177.0,24,3.77,49.7,20,45890.0,44,8910.189152727175
341,57380.0,17576.0,60,3.55,43.94,26,64471.0,48,6642.463545854198
338,134846.0,33228.0,48,13.8,38.75,22,21360.0,26,3520.3434449316323
514,39816.0,42991.0,60,10.71,25.69,16,57225.0,66,1497.0967749761473
824,27314.0,43908.0,48,5.52,35.26,22,59635.0,18,1231.2493107216687
812,142000.0,42685.0,60,12.95,34.07,30,2850.0,27,1483.9561480558305
477,116214.0,47676.0,24,2.74,46.28,6,30782.0,64,585.7797346426539
757,29847.0,25074.0,36,10.95,15.94,24,48367.0,45,5022.756871419747
477,38309.0,7591.0,36,12.84,19.5,7,32624.0,54,8571.001269788369
320,143489.0,5302.0,48,11.61,47.06,28,60356.0,66,9088.537862201732
625,94137.0,8384.0,24,12.16,47.68,25,91228.0,37,8388.804890383235
466,107272.0,44851.0,60,6.41,26.62,31,18256.0,39,1174.4179984671878
706,134618.0,44338.0,36,7.47,44.02,0,31663.0,65,1191.8409819214955
552,144988.0,18395.0,48,2.52,29.93,33,97037.0,68,6374.626444812008
815,78762.0,44256.0,12,7.12,43.15,19,49111.0,42,1174.9351563717842
509,142907.0,25354.0,60,8.47,17.97,16,28205.0,33,5025.796436939642
530,121757.0,11588.0,48,13.56,42.1,16,11767.0,18,7809.632828117355
414,145991.0,8292.0,24,11.78,15.29,16,93650.0,38,8471.983210185404
532,105708.0,6013.0,48,7.02,41.28,21,35757.0,21,8906.913305730617
495,29516.0,46779.0,36,4.62,27.59,4,52066.0,45,757.9887812717285
448,137440.0,46732.0,24,9.1,43.22,30,555.0,25,789.3951926337912
459,87957.0,36010.0,48,10.95,43.88,1,59557.0,29,2961.114496076864
728,43499.0,19721.0,24,3.95,25.26,28,27937.0,69,6075.052669955526
519,60600.0,47891.0,48,8.79,17.85,15,89367.0,46,511.23293414658025
444,33025.0,34921.0,24,12.98,36.77,11,94945.0,36,3146.3217901941057
630,67924.0,47823.0,36,4.94,32.96,19,35790.0,24,514.2247334810368
336,99273.0,37117.0,12,10.83,26.08,23,87362.0,43,2743.5871737398047
700,73625.0,30498.0,48,4.3,28.34,2,14779.0,36,3954.266879212328
362,130616.0,36348.0,36,11.89,13.25,7,86148.0,66,2877.6311632024626
322,118656.0,7539.0,48,5.58,27.22,24,6895.0,43,8649.793302105776
605,56444.0,41495.0,12,10.92,13.26,27,94977.0,28,1772.0146175730372
777,45963.0,21376.0,48,7.53,25.67,0,18807.0,53,5772.818026674953
576,105680.0,47828.0,48,6.35,40.14,5,10929.0,66,550.2202239576534
811,61844.0,9437.0,36,7.86,25.84,33,74656.0,58,8124.891390114288
526,33919.0,19210.0,48,6.26,31.95,27,55982.0,38,6251.500879628893
305,23389.0,34252.0,60,2.81,36.84,25,20719.0,59,3299.0568784202915
635,101121.0,31526.0,48,11.53,21.08,6,84585.0,58,3743.7486118559054
721,148232.0,47080.0,24,3.34,14.93,23,46737.0,23,614.0306223939849
332,103691.0,45747.0,12,12.68,23.08,12,88780.0,48,1012.0217790370899
446,61235.0,49517.0,60,7.24,29.35,31,80907.0,32,216.6509005027739
306,84178.0,20036.0,48,12.91,21.92,8,82886.0,54,6164.3209363708775
588,145659.0,47891.0,24,7.64,11.56,0,81426.0,55,493.4225316255264
604,41195.0,40144.0,24,10.97,43.3,27,47708.0,37,2061.8108972264336
481,49257.0,35111.0,12,9.58,29.59,14,2972.0,26,3121.19528396075
459,53742.0,42846.0,36,2.6,45.01,1,49037.0,26,1558.8474765212256
338,81246.0,46991.0,60,2.68,17.08,27,39339.0,27,758.1500230931725
395,47420.0,25095.0,12,13.96,23.72,25,45591.0,37,5125.281420978788
485,125865.0,43595.0,48,11.24,30.23,19,98072.0,60,1407.1076399606181
766,66828.0,49912.0,12,5.93,12.02,5,38169.0,45,49.75793956823205
524,119804.0,15617.0,12,11.54,48.61,26,5057.0,69,6991.416454106245
476,72307.0,35841.0,12,13.51,32.7,2,44143.0,59,2970.7806938688022
818,112124.0,48404.0,36,13.72,31.65,24,62257.0,34,323.9243126648237
490,147706.0,15142.0,48,8.03,46.9,17,7847.0,29,7092.186843710283
783,94553.0,15634.0,36,10.77,25.91,8,78218.0,66,6901.364334155893
701,65500.0,6171.0,24,9.94,16.71,8,49961.0,54,8809.030830789628
384,139273.0,14587.0,24,7.89,10.24,1,68936.0,60,7232.803647953823
734,79720.0,36822.0,60,3.45,33.81,29,28251.0,65,2677.828441034413
353,134187.0,23037.0,60,11.99,46.52,3,63230.0,27,5546.197774707105
717,20281.0,13438.0,24,14.18,45.35,2,75379.0,27,7376.579615920926
647,135621.0,25567.0,60,3.39,17.85,3,15762.0,57,4959.408050545032
465,50707.0,34545.0,60,4.44,42.47,4,98682.0,31,3218.869365271883
749,101958.0,44896.0,36,9.66,28.87,3,46950.0,47,1046.3416260420797
506,105530.0,44019.0,24,6.58,19.87,16,45807.0,29,1271.9333563282182
649,137832.0,37373.0,24,10.19,17.57,9,87132.0,45,2586.435559430766
464,86672.0,11172.0,24,9.71,15.08,3,29332.0,22,7890.871025572811
641,92545.0,33671.0,12,11.85,49.58,18,20991.0,28,3342.2866829178893
759,78606.0,40196.0,48,11.06,22.23,4,57196.0,30,1980.130548820378
399,49192.0,11430.0,24,6.51,33.46,12,31225.0,58,7848.987784194554
734,31653.0,10105.0,12,7.4,35.26,20,45712.0,36,8000.068616969632
411,89346.0,21456.0,24,8.78,25.2,17,13237.0,41,5849.528925487685
428,103559.0,48461.0,48,4.99,36.85,25,65864.0,39,428.5417638483693
685,89768.0,28669.0,60,7.92,11.11,20,62119.0,29,4295.67220306373
604,75554.0,13325.0,60,3.97,30.24,11,29592.0,24,7409.867784087272
833,102503.0,43019.0,48,8.66,35.82,26,18161.0,28,1433.0758910933478
388,114242.0,12927.0,60,4.53,39.69,24,18768.0,37,7562.30776901257
672,120732.0,11979.0,12,11.14,15.6,27,20187.0,51,7630.8494168153065
503,43874.0,38613.0,60,9.27,46.32,30,78816.0,18,2373.4518060263085
708,100395.0,43098.0,24,5.36,24.0,27,9930.0,65,1421.1621702437044
542,84881.0,23994.0,48,3.13,28.44,2,74123.0,50,5277.280320655798
558,47935.0,29489.0,24,11.26,18.75,23,73302.0,43,4177.306268485559
736,69786.0,39865.0,36,2.88,25.34,8,34268.0,47,2083.898303221923
346,66600.0,25609.0,36,7.74,26.59,34,25020.0,54,5026.26444632821
417,120734.0,30279.0,12,3.89,14.5,0,41964.0,28,4086.732191561825
704,143274.0,47003.0,24,8.54,47.38,5,7490.0,69,667.1060663387036
402,126296.0,27473.0,12,11.22,43.4,24,93721.0,56,4640.2724843789
357,46172.0,13984.0,24,9.51,12.46,8,33798.0,50,7342.6928503687805
815,125221.0,11397.0,60,8.88,31.96,30,3641.0,35,7751.829459524856
398,64413.0,44933.0,24,4.96,20.45,28,59758.0,42,1140.659991232642
828,139044.0,46971.0,12,6.6,25.73,30,49112.0,64,608.4531044365314
541,61846.0,32413.0,48,14.02,32.81,30,60926.0,57,3606.712667040984
300,92595.0,23052.0,24,13.31,17.16,20,57572.0,47,5556.453338029361
696,85082.0,42605.0,48,3.46,34.2,17,30297.0,37,1538.6369545979628
500,116443.0,47422.0,60,8.24,46.01,33,8123.0,23,655.4266685030653
647,140075.0,25829.0,36,14.33,27.16,28,77567.0,18,4894.150763717111
395,148748.0,32605.0,60,11.45,24.12,26,85610.0,27,3603.224422548834
324,68874.0,49002.0,24,9.94,25.47,12,74632.0,33,369.5708048385137
775,73268.0,22030.0,60,2.88,10.26,3,74991.0,45,5618.45963992275
443,102495.0,11530.0,60,10.77,35.11,14,41831.0,19,7824.005916201938
340,105469.0,48790.0,12,14.63,21.58,11,83996.0,41,397.3654199210385
419,106213.0,48360.0,60,11.9,22.64,1,35454.0,58,456.46952067570817
446,43510.0,21014.0,48,14.16,36.47,10,35507.0,64,5937.291796983412
454,148301.0,21163.0,12,13.64,39.21,7,98256.0,69,5888.063134879829
734,62240.0,18521.0,36,14.64,47.91,4,73994.0,43,6338.866413079504
516,125921.0,44778.0,48,6.07,26.45,14,18562.0,41,1149.43693378509
699,84754.0,10435.0,36,9.26,40.25,2,1951.0,39,7964.989481278722
676,132153.0,28486.0,60,5.03,35.01,29,28561.0,42,4354.78362689541
613,47376.0,16421.0,48,3.94,12.48,27,92705.0,65,6796.638029899568
443,69138.0,27420.0,36,12.23,29.33,1,46157.0,48,4666.276103040523
787,48831.0,16138.0,48,8.56,23.52,25,23535.0,54,6811.725330917874
796,64813.0,18673.0,36,10.91,28.61,9,44460.0,53,6282.859035823956
450,88344.0,9798.0,60,12.69,30.47,16,27499.0,45,8172.72928247401
602,38639.0,10926.0,12,12.48,17.95,5,37792.0,55,7890.43096055766
755,49711.0,11441.0,36,7.6,15.24,6,94968.0,68,7732.177731531289
638,54832.0,28561.0,60,3.69,30.74,13,89031.0,47,4348.387384534953
483,138249.0,12227.0,60,13.47,23.64,28,29680.0,58,7666.038149226309
358,31555.0,26592.0,24,14.63,27.04,25,6789.0,35,4844.4669028272765
377,134306.0,35682.0,48,7.16,18.79,4,98695.0,64,2992.6159377861086
603,133824.0,22727.0,12,5.86,46.74,15,74777.0,37,5540.154580076205
576,21591.0,10693.0,48,10.68,18.65,28,55698.0,57,7937.052485243123
645,70677.0,11519.0,12,14.79,17.61,15,73889.0,26,7739.81555048102
497,72375.0,42778.0,36,5.89,21.73,1,5796.0,20,1567.1629340233344
802,103976.0,47845.0,12,6.76,43.46,33,26336.0,32,449.0341807097173
673,76276.0,47368.0,60,14.47,23.65,9,68607.0,52,565.9928726414648
423,77132.0,31160.0,36,11.66,41.69,19,8222.0,20,3894.5239109558597
421,116523.0,36463.0,24,13.27,26.79,27,7856.0,54,2858.7136730022044
309,145836.0,14067.0,48,14.52,30.22,8,28615.0,69,7364.611679625584
686,103807.0,21531.0,48,9.84,41.9,0,85879.0,19,5743.915739216816
340,55111.0,17040.0,24,3.21,36.92,8,92918.0,50,6742.135927252496
801,71886.0,11629.0,48,10.15,42.33,15,72178.0,32,7688.619190482007
515,63585.0,12521.0,12,8.66,31.54,15,8593.0,68,7595.431989414193
525,52733.0,35137.0,12,12.37,38.02,20,88534.0,18,3077.867153813792
741,57198.0,16130.0,60,14.71,10.55,7,66576.0,29,6800.793464401445
478,120375.0,31928.0,12,3.2,49.77,21,85468.0,44,3720.4254204595754
664,23430.0,14686.0,60,9.19,35.3,27,48893.0,19,7127.885344417524
697,81916.0,15756.0,36,5.75,49.49,23,44135.0,50,6894.634299815738
690,20619.0,20149.0,60,3.02,22.0,33,10635.0,46,6007.984564149796
532,44860.0,22630.0,48,10.93,33.13,13,26739.0,37,5572.1307027296925
582,142926.0,23743.0,48,9.84,39.88,19,50568.0,32,5350.323842505208
427,33669.0,14122.0,60,13.72,27.35,25,85501.0,26,7315.246946124943
709,80315.0,37262.0,12,14.11,10.01,6,17459.0,54,2606.927607980574
772,114071.0,28711.0,48,11.79,39.15,12,23806.0,32,4300.793379936437
313,116999.0,12761.0,36,9.41,40.1,12,71749.0,42,7590.612275492488
817,29078.0,35254.0,12,7.87,20.09,24,5534.0,31,2968.4419813858503
760,21341.0,18076.0,60,14.39,49.68,1,45406.0,40,6431.9252443405985
397,88916.0,27656.0,48,3.28,13.51,25,47819.0,58,4588.632515417546
405,133811.0,39958.0,60,2.65,26.34,21,1524.0,50,2131.9913682325555
318,149839.0,12758.0,12,11.2,18.82,5,43890.0,27,7622.433452130697
467,53062.0,37784.0,60,6.57,11.82,29,99468.0,26,2531.1988193815705
535,130198.0,33047.0,12,6.02,42.81,15,20842.0,20,3504.1703174907093
677,67414.0,15487.0,12,4.54,42.2,32,16709.0,50,6959.192831237514
613,136074.0,22087.0,36,2.81,46.17,1,26287.0,37,5668.569576734795
830,33281.0,31724.0,60,5.4,23.41,14,86669.0,29,3658.110111637091
523,132302.0,23544.0,12,3.56,20.45,31,51153.0,48,5372.539858520312
309,88878.0,16889.0,24,5.96,32.14,6,2523.0,42,6783.105614346386
659,124101.0,20379.0,12,13.28,44.36,19,78608.0,47,5994.351843197588
668,88577.0,23394.0,48,4.43,39.68,27,19276.0,37,5372.405505680732
612,54707.0,30150.0,36,13.49,37.84,30,95046.0,55,4023.8220261136507
368,130177.0,16871.0,12,5.04,42.12,11,78082.0,45,6773.376623003172
505,109399.0,31200.0,12,5.63,40.41,15,71318.0,54,3870.4019780427984
558,47083.0,31189.0,12,11.21,26.63,11,67863.0,43,3863.480362893755
647,113106.0,26991.0,12,10.85,16.35,23,4381.0,31,4665.898877104216
354,103310.0,16205.0,48,4.77,15.29,32,42495.0,61,6906.063362419695
825,75230.0,44110.0,48,8.08,38.96,22,87421.0,58,1165.7500416210871
415,63001.0,21669.0,36,3.97,42.8,34,87580.0,49,5811.104763697786
456,144677.0,49629.0,48,4.56,38.25,15,90347.0,37,189.31791293332415
436,53320.0,23284.0,60,8.77,34.17,5,46182.0,47,5475.862396987976
511,132755.0,6651.0,60,6.89,44.46,26,67005.0,30,8775.475244028912
601,77056.0,8750.0,48,12.83,21.65,22,58453.0,42,8330.416140018917
615,49241.0,38548.0,24,4.62,45.18,0,19558.0,43,2372.8964783634055
328,95418.0,8631.0,36,5.61,16.8,8,77924.0,67,8420.813658019108
713,137369.0,31984.0,36,8.7,25.91,25,8989.0,45,3662.938167159385
847,46289.0,10017.0,24,12.99,14.22,20,70198.0,32,7990.016334463868
807,132831.0,14866.0,60,11.34,12.91,31,50222.0,18,7040.244297750335
394,39982.0,34739.0,36,5.13,10.9,23,58703.0,45,3195.5826971872366
514,62534.0,26223.0,60,2.92,45.12,18,38098.0,31,4874.8479415562015
567,90831.0,33141.0,60,12.56,26.22,4,80373.0,54,3469.226598239616
798,44354.0,9760.0,60,5.97,16.25,10,6794.0,30,8070.082985112598
569,32112.0,43360.0,48,6.33,37.89,31,91009.0,63,1396.244892252472
548,49009.0,19537.0,60,4.96,39.17,21,28906.0,61,6179.770460571751
622,144343.0,14715.0,48,2.74,42.4,32,24976.0,56,7122.686037536422
824,148583.0,42174.0,24,5.24,12.28,17,56096.0,53,1585.8217463294422
557,45559.0,35158.0,60,10.71,47.64,3,42719.0,23,3079.0367075011254
522,147015.0,18828.0,60,6.88,13.21,29,3782.0,24,6338.322493931225
626,51575.0,32425.0,36,14.97,15.7,16,26849.0,26,3588.8399373102116
692,54636.0,40585.0,48,5.28,17.6,4,73396.0,51,1909.5778071163788
672,79052.0,40840.0,60,14.73,33.33,13,38506.0,50,1877.1979976819498
447,98187.0,32042.0,60,9.3,35.35,1,99244.0,67,3703.631110564518
716,132217.0,14074.0,36,12.16,30.65,9,77658.0,48,7221.064028178947
362,121678.0,34450.0,36,12.8,35.82,17,74554.0,40,3260.228152203196
394,71027.0,24873.0,60,9.68,20.25,1,57853.0,31,5178.10062975882
691,82187.0,9255.0,24,3.38,44.94,22,65747.0,53,8195.703598894313
737,46431.0,6724.0,60,3.76,33.88,34,1214.0,58,8690.250807461123
457,99141.0,35112.0,36,7.5,39.52,25,76302.0,50,3096.3417437150147
355,52981.0,11643.0,12,5.23,40.05,29,3232.0,65,7827.400614921858
760,72930.0,39964.0,24,13.29,29.53,2,95042.0,64,2032.6322415227096
528,119911.0,14496.0,60,6.24,22.26,34,22301.0,62,7200.231352048387
645,122471.0,6828.0,48,7.59,37.67,24,98273.0,61,8684.94535501522
763,149828.0,22014.0,60,3.51,47.84,23,36839.0,62,5629.477975755613
662,115317.0,10997.0,48,9.46,42.35,4,76920.0,30,7860.578832118814
338,83483.0,15258.0,48,5.62,47.8,18,968.0,31,7111.43833832307
402,135672.0,27663.0,60,5.71,27.06,12,38346.0,52,4605.340076402774
478,128542.0,23658.0,24,5.11,31.78,13,10940.0,32,5409.983292964593
847,112108.0,31715.0,36,8.42,33.52,6,83569.0,35,3656.3571761327303
502,37850.0,41451.0,12,4.99,34.04,22,5188.0,48,1822.2563900618418
316,132573.0,8083.0,12,7.41,34.68,12,81103.0,59,8528.547458687412
345,146740.0,12909.0,60,6.6,48.63,14,83245.0,57,7596.822199321196
383,64738.0,26800.0,60,14.16,25.09,28,43052.0,40,4776.5966566301395
314,94441.0,26817.0,12,10.91,44.29,14,78648.0,39,4811.521266783082
552,61755.0,28312.0,12,12.54,10.88,13,88290.0,32,4417.976884002602
754,131785.0,35784.0,24,5.8,30.94,34,75164.0,51,2876.901470717728
456,57904.0,46986.0,12,7.17,42.97,14,15791.0,19,733.6065188909253
530,32254.0,32117.0,60,10.61,44.62,5,75839.0,27,3680.0457440369464
405,102879.0,39196.0,48,9.54,41.95,12,66273.0,57,2317.965644943959
831,144088.0,14346.0,60,2.58,31.38,12,50255.0,40,7112.934153509636
756,50561.0,19818.0,36,9.74,11.93,30,93710.0,59,6042.071040663063
697,114006.0,44310.0,12,14.61,10.65,3,28.0,34,1184.4786589146802
470,71860.0,41378.0,36,5.84,14.11,7,82674.0,60,1842.262194952413
368,73947.0,5671.0,36,4.89,16.53,20,20365.0,30,8999.949297204705
760,143395.0,28953.0,48,14.51,26.74,1,60030.0,66,4238.685642800864
516,83852.0,33602.0,36,5.52,25.29,29,1541.0,19,3396.4909458444076
532,71756.0,45761.0,48,12.45,12.38,0,79553.0,63,959.6978018374122
434,108929.0,30519.0,60,7.55,34.78,9,57676.0,64,4022.874943404989
538,86504.0,38691.0,60,11.64,28.76,2,12336.0,57,2378.244986376597
530,95186.0,16563.0,48,4.74,44.64,9,69211.0,31,6792.420604450177
584,54701.0,28563.0,36,12.54,33.08,21,4924.0,36,4375.121265354977
374,43196.0,45718.0,12,7.73,42.47,26,7244.0,60,1000.9018491981426
775,87278.0,10906.0,24,4.46,17.87,27,21168.0,27,7842.051719773996
563,111155.0,31170.0,36,13.58,14.39,28,82212.0,61,3835.595351811359
807,35251.0,36656.0,36,5.92,36.52,25,94830.0,45,2680.2557981532855
548,105553.0,47815.0,12,13.31,26.01,23,44252.0,64,529.2951469782759
425,149478.0,15805.0,12,3.21,45.19,7,22784.0,39,6974.223599644582
332,71474.0,21173.0,60,11.31,27.1,16,54401.0,66,5919.164491517251
387,113065.0,35659.0,60,6.7,11.15,6,76448.0,42,3013.806579262195
336,144165.0,36174.0,60,5.03,32.19,27,53331.0,56,2910.1867625564837
550,121148.0,17275.0,24,9.79,18.4,33,9677.0,28,6656.73067291677
645,136021.0,38768.0,36,4.15,29.7,16,15605.0,39,2337.7342638247824
541,144130.0,36116.0,24,7.46,12.05,22,80021.0,19,2872.3449341042574
488,74028.0,10772.0,48,8.14,16.51,14,81029.0,42,7941.324701472606
593,109613.0,28384.0,12,5.6,15.73,32,55718.0,55,4384.210784435987
740,43821.0,44279.0,24,9.91,23.37,34,59274.0,55,1168.4190322728066
479,106475.0,28128.0,24,8.53,16.7,32,24485.0,51,4493.00325537417
841,81788.0,8081.0,36,6.28,36.76,11,16608.0,48,8388.734738371864
617,48380.0,37591.0,36,5.97,17.83,28,71545.0,35,2524.2723578601294
761,55772.0,46974.0,12,8.54,37.56,12,33123.0,45,649.1442872112998
408,67638.0,29345.0,48,4.85,43.57,18,41034.0,65,4285.729504390526
702,22983.0,46621.0,12,12.98,10.04,29,56321.0,45,700.3314042515008
692,107263.0,38160.0,24,14.95,43.69,3,92103.0,25,2432.9186328345036
443,22469.0,40153.0,36,5.87,27.67,33,98865.0,18,2089.6496475608647
717,84674.0,30643.0,24,7.03,21.56,30,81542.0,46,3906.4306476110446
455,124734.0,7551.0,36,7.31,16.23,15,48521.0,66,8600.151725311709
444,103869.0,38937.0,12,4.4,22.48,32,30936.0,41,2324.5277584801397
648,115402.0,19996.0,60,14.39,21.83,7,68322.0,69,6038.280875463068
489,119616.0,39317.0,48,5.89,41.99,20,3435.0,59,2240.000695475491
412,91652.0,48936.0,24,7.17,12.76,10,85311.0,27,336.1605046380333
747,94131.0,23322.0,24,2.59,19.31,19,38931.0,68,5380.5260966352735
695,81212.0,21087.0,12,5.9,32.16,2,37207.0,45,5844.5895125958095
693,70069.0,30051.0,12,8.58,48.1,20,69795.0,65,4045.000445735036
792,135005.0,17411.0,60,13.63,25.24,18,16138.0,33,6545.839589318199
822,85661.0,26953.0,48,6.36,18.23,33,76428.0,64,4592.274037831554
618,40022.0,5162.0,24,6.47,36.53,15,99318.0,31,9051.858920426206
336,24494.0,12446.0,12,7.99,13.44,25,61892.0,29,7654.784469678543
445,80545.0,38453.0,48,7.79,32.56,5,5609.0,36,2470.980731617709
385,122979.0,45108.0,60,7.35,44.88,2,4532.0,50,1147.9724686164152
608,121332.0,24508.0,48,11.59,22.26,13,12305.0,23,5189.669984034675
395,132855.0,13429.0,60,12.77,33.27,33,28400.0,41,7460.28257438184
633,22356.0,39782.0,24,14.54,35.95,27,60213.0,27,2105.7179299675217
803,93972.0,41378.0,60,4.51,31.27,15,42929.0,31,1736.1887075025872
645,117241.0,16695.0,48,12.56,20.88,9,99174.0,27,6722.182898496773
793,30225.0,21021.0,24,6.34,29.56,10,27563.0,56,5839.589435187933
460,121371.0,9033.0,36,11.68,38.38,25,19360.0,30,8323.154708948061
624,84772.0,36497.0,24,3.36,35.2,13,89630.0,61,2768.2200481848727
807,116347.0,17693.0,24,13.06,45.02,22,30348.0,45,6482.504745708176
735,126625.0,23489.0,24,5.33,10.53,17,5153.0,43,5346.1812101030155
393,103560.0,16916.0,48,13.47,13.17,3,71621.0,56,6750.991922834134
432,97236.0,33411.0,12,2.89,32.95,26,11434.0,51,3449.245466930485
817,53756.0,28911.0,12,14.97,21.53,1,42578.0,26,4239.2182278765395
662,47490.0,32733.0,24,12.51,26.7,6,88478.0,28,3515.294094758482
703,86081.0,22625.0,48,8.03,20.18,12,89647.0,18,5532.564656507338
812,49759.0,23313.0,36,12.98,22.14,1,24502.0,25,5360.658510757803
500,43051.0,31966.0,12,11.72,26.45,16,11560.0,68,3725.1707883498593
384,68901.0,48541.0,36,3.28,47.66,4,9505.0,38,447.2985779323345
352,52921.0,49298.0,12,12.3,19.2,10,70434.0,25,285.60846892746457
392,149749.0,10110.0,48,14.87,40.32,11,24161.0,49,8136.36947813148
707,74842.0,41035.0,60,5.43,22.63,30,59117.0,36,1835.3022190984059
677,69153.0,23708.0,48,10.73,22.82,19,7213.0,42,5311.923549837671
534,122302.0,12394.0,12,13.49,32.31,16,4655.0,28,7622.885351101924
301,61786.0,42384.0,48,5.73,21.84,31,86246.0,28,1664.4066089269265
314,74912.0,27612.0,60,14.31,25.88,2,58047.0,32,4646.747807409224
599,101941.0,7839.0,12,4.07,19.95,26,71820.0,39,8494.773976737823
816,80461.0,44040.0,36,13.06,13.09,28,87458.0,30,1187.6300670707708
597,74620.0,32213.0,60,3.36,32.26,18,75761.0,69,3643.0136363076267
317,20806.0,15699.0,12,3.54,45.92,3,89876.0,47,7022.68429229785
582,32676.0,5661.0,24,6.92,33.14,34,21359.0,55,8938.344508098806
433,83888.0,33138.0,60,14.1,49.7,28,35863.0,30,3521.68972575309
824,74756.0,18467.0,48,5.64,36.95,8,95041.0,41,6318.716900702105
464,125284.0,29217.0,12,11.64,25.47,12,14429.0,56,4279.232781107587
707,27813.0,39964.0,36,9.99,15.41,22,79971.0,48,2037.2343013631144
368,148267.0,19357.0,60,12.76,10.02,4,50493.0,61,6269.758774566144
746,102970.0,43787.0,48,4.34,18.56,34,23290.0,35,1284.8803705277742
772,97454.0,39054.0,12,3.82,21.04,11,80664.0,23,2185.498221355026
335,21750.0,11894.0,48,14.56,49.17,11,50390.0,53,7778.5125754976625
357,46660.0,33082.0,48,12.96,22.61,18,14706.0,39,3534.5192069202285
333,147118.0,35447.0,60,12.01,38.2,30,99083.0,29,3073.498792976315
776,134130.0,14108.0,48,10.93,37.19,17,49402.0,31,7196.144153560461
416,65893.0,34118.0,24,5.66,40.78,1,99270.0,33,3311.3746348324985
413,35563.0,24584.0,48,5.69,23.39,13,28754.0,58,5216.652210809894
467,61873.0,11406.0,60,9.36,33.23,9,34840.0,51,7833.6328257578125
555,127434.0,31342.0,36,11.66,20.09,12,25008.0,59,3824.6270672523324
666,43150.0,43218.0,48,6.37,25.78,19,75403.0,53,1410.5272821250555
656,108801.0,42947.0,36,7.92,13.22,20,15385.0,22,1485.8946811790192
752,143372.0,33482.0,60,13.69,14.14,11,75432.0,60,3325.317447106796
326,35577.0,6958.0,24,2.8,25.8,22,15210.0,48,8766.487216263733
695,147769.0,13535.0,36,3.81,25.07,2,33161.0,26,7345.757898894466
412,142555.0,12531.0,60,7.34,10.43,32,50830.0,26,7638.6633235405025
398,128730.0,37376.0,36,5.37,35.51,27,39385.0,59,2665.5419630453484
469,95713.0,8191.0,60,13.76,47.84,11,58436.0,27,8504.452207448538
530,69153.0,34411.0,48,2.51,23.26,28,73960.0,37,3196.603959468617
743,138533.0,36750.0,60,4.29,36.32,33,62665.0,22,2694.714613656833
752,131543.0,13734.0,60,7.37,32.63,30,77926.0,27,7275.269034554226
799,26570.0,41116.0,12,6.82,24.88,11,7869.0,41,1807.9607215549229
686,31122.0,39068.0,60,3.66,35.26,23,35321.0,59,2242.3108854424263
805,82552.0,39905.0,24,13.33,33.01,7,58701.0,23,2030.7811312583085
524,146768.0,10432.0,36,11.89,23.95,5,67067.0,40,8012.850556288166
334,140900.0,46781.0,48,12.46,42.22,13,71218.0,30,806.0849270510029
479,66542.0,44922.0,24,5.25,43.14,18,36021.0,40,1154.798076630791
742,40337.0,36852.0,60,9.46,24.5,8,82797.0,56,2661.1742754883808
532,114457.0,10495.0,12,13.0,47.15,16,90467.0,18,8000.160234692486
750,118875.0,33758.0,48,10.3,48.27,34,42399.0,60,3286.9792546746544
578,137071.0,15837.0,60,5.19,41.38,19,29059.0,56,6942.866058846816
702,69268.0,22081.0,60,4.94,26.43,10,24014.0,52,5636.648376482348
426,145617.0,36552.0,24,2.62,48.18,1,66983.0,37,2828.328681002679
685,56397.0,49633.0,48,7.26,48.95,19,65305.0,28,141.67124423453834
816,51860.0,7336.0,24,4.0,29.33,9,10150.0,21,8546.497900581282
497,79321.0,39521.0,36,12.72,14.42,1,54847.0,30,2201.6528916511415
821,45849.0,24446.0,24,12.89,49.55,23,22606.0,63,5118.696864812456
695,125228.0,28177.0,36,12.77,32.86,18,35739.0,58,4428.973505876121
364,70975.0,32935.0,12,2.9,41.21,13,11907.0,42,3569.2965962675426
494,94744.0,39546.0,36,9.23,37.0,15,15111.0,29,2209.7203063402108
573,111248.0,31213.0,12,13.28,44.83,8,34550.0,43,3860.096317605871
625,102050.0,34344.0,36,10.91,37.19,17,29825.0,32,3223.6833783582147
491,54801.0,40433.0,60,14.26,11.03,28,74531.0,54,2006.4638060693003
849,118833.0,16407.0,24,13.73,19.34,9,53080.0,37,6752.096365676337
573,68787.0,47092.0,48,12.45,22.1,27,16448.0,19,676.3309588954041
718,90316.0,13461.0,48,13.56,26.89,6,17438.0,64,7353.56571000156
608,55046.0,5781.0,36,3.16,44.39,3,75386.0,31,8910.97188023157
519,114934.0,21393.0,48,7.93,36.55,11,87755.0,53,5826.9214260171875
335,134524.0,22826.0,24,10.2,38.08,24,81383.0,62,5576.330324244897
483,64859.0,19042.0,60,8.82,45.45,34,81653.0,42,6307.148941347811
371,96961.0,48285.0,12,5.37,44.47,34,81434.0,54,470.1656334827344
810,30326.0,20261.0,12,6.81,27.63,30,83656.0,65,5952.39514330144
791,49373.0,18380.0,12,14.34,33.53,32,12404.0,27,6342.283129068365
530,146522.0,49139.0,12,4.44,40.74,13,81199.0,67,264.7830338337851
357,46685.0,36055.0,24,9.2,29.1,30,94731.0,60,2933.224451467411
817,132590.0,20901.0,36,13.23,33.42,24,29187.0,59,5823.273864062589
377,63408.0,48543.0,12,14.09,48.25,27,23664.0,30,441.7525485868231
525,76503.0,46945.0,24,7.44,46.66,23,42438.0,61,711.9204280948359
443,135608.0,12421.0,48,14.01,15.38,29,68993.0,41,7630.042190169896
840,31344.0,47652.0,48,2.69,15.04,10,25345.0,23,496.09175040996104
673,54531.0,45372.0,48,10.84,18.83,5,67359.0,68,954.5923173397375
368,142413.0,7159.0,24,8.6,37.16,10,56325.0,25,8726.130146560581
810,40662.0,7852.0,36,12.79,18.72,22,25988.0,55,8448.107372948834
641,129049.0,12629.0,12,10.07,23.57,15,595.0,64,7550.127581664455
675,90326.0,14833.0,36,2.63,26.76,30,42372.0,66,7083.810113214313
842,110827.0,28284.0,48,2.94,43.15,9,56326.0,62,4372.0700990197165
803,46630.0,48363.0,12,10.1,26.31,15,30028.0,46,354.03260774997034
366,72326.0,32386.0,12,14.01,23.15,30,36390.0,33,3676.257400655964
658,63753.0,44864.0,24,14.23,26.95,19,42406.0,43,1097.2231838071173
389,47082.0,22153.0,12,12.97,47.97,24,96583.0,21,5705.599025417908
303,127860.0,11416.0,12,9.33,24.07,14,87675.0,40,7877.068285835564
391,73302.0,22772.0,48,4.47,23.38,19,20390.0,21,5554.620422749302
493,75204.0,9135.0,24,12.68,35.02,17,75956.0,39,8289.798080021712
702,56062.0,14852.0,60,9.87,45.62,31,18733.0,50,7077.584336176888
704,55133.0,10774.0,60,12.73,46.38,24,39601.0,40,7893.9871029283995
443,55435.0,8040.0,12,3.28,37.91,32,39131.0,48,8522.631572364018
643,109563.0,47287.0,12,9.53,11.61,6,9969.0,35,631.5412666831422
657,64064.0,11910.0,60,10.45,49.86,30,7642.0,68,7712.832439666887
727,24853.0,6367.0,12,13.39,16.45,11,3981.0,69,8761.936362463883
358,32115.0,30556.0,48,12.29,33.9,17,19768.0,33,4042.849698691415
790,96260.0,31819.0,60,9.14,12.23,2,98537.0,27,3641.1354996461446
421,146879.0,10978.0,12,8.19,15.32,14,38192.0,23,7944.836165501203
847,55057.0,5645.0,48,5.64,22.31,12,37310.0,69,8852.33951140489
489,135953.0,33903.0,36,14.88,31.88,31,26469.0,59,3324.859309115867
837,82211.0,23073.0,36,7.39,10.84,3,80317.0,37,5388.529312414659
621,45683.0,12999.0,48,8.11,37.88,7,90201.0,63,7451.338063483544
800,81367.0,18489.0,60,13.01,22.41,34,89299.0,19,6292.305521743856
494,53039.0,39503.0,36,10.8,33.31,31,55311.0,28,2196.177651694351
552,39250.0,10704.0,36,2.64,31.99,29,61313.0,69,7937.944169404754
381,123674.0,21299.0,36,8.55,16.47,9,68827.0,29,5884.538081406865
791,146209.0,31035.0,12,2.99,13.92,6,3771.0,49,3822.654236134562
680,137428.0,35129.0,60,13.94,14.93,17,57378.0,38,3037.4348724056713
679,100199.0,34794.0,36,10.77,17.09,9,3513.0,50,3093.065061094676
769,30616.0,45194.0,36,3.88,26.11,10,73705.0,33,982.0531655860832
466,92355.0,6667.0,24,11.48,23.5,1,63248.0,54,8792.845561387754
352,26638.0,9079.0,60,11.6,23.11,5,95359.0,39,8337.69103947937
601,23020.0,39406.0,60,11.9,48.02,27,57480.0,53,2211.7568702533304
425,21435.0,9940.0,60,12.05,13.94,23,25757.0,51,8129.939269141163
805,88785.0,25215.0,36,10.89,40.39,1,56862.0,68,4980.548787956482
706,24648.0,35933.0,12,14.23,12.82,29,91428.0,36,2849.982973993838
576,21925.0,33272.0,60,5.06,16.73,1,81335.0,29,3427.5503250304323
432,127435.0,15800.0,60,9.94,12.41,6,68921.0,31,6964.863072827456
553,114223.0,9358.0,36,7.11,35.99,0,453.0,51,8230.767296246297
481,114588.0,35932.0,48,14.62,31.79,0,1909.0,67,2933.1969369490234
543,121520.0,39881.0,60,9.72,47.39,20,66425.0,32,2129.912840033405
442,110874.0,30538.0,36,14.27,44.66,3,76154.0,35,4014.762264151593
579,125899.0,29765.0,12,14.33,48.08,33,25958.0,47,4124.903639873813
322,149044.0,17722.0,60,6.58,17.48,17,29565.0,29,6606.011491521418
700,43019.0,34725.0,36,5.98,20.75,26,77806.0,31,3091.997050662878
663,29110.0,30817.0,36,12.57,23.55,10,87937.0,43,3900.2080055163538
738,57265.0,44575.0,12,3.64,13.6,33,86282.0,26,1121.6141417684976
474,55946.0,6898.0,48,12.92,45.5,3,43601.0,28,8742.641412274585
412,103441.0,33552.0,36,7.93,16.99,27,16459.0,24,3433.4606260593223
849,59063.0,12345.0,36,6.42,37.02,2,26149.0,26,7540.069731259766
340,130677.0,27433.0,12,3.75,41.76,28,40473.0,26,4661.533354787843
394,103847.0,22015.0,12,11.74,41.4,22,67300.0,58,5732.121871663177
784,20338.0,12151.0,48,9.99,40.61,9,13503.0,51,7614.498857490405
700,105431.0,13258.0,12,13.52,42.5,14,65867.0,41,7390.3001387288605
445,43398.0,38787.0,12,5.09,42.48,10,28365.0,49,2389.0237646248374
802,56408.0,26627.0,48,10.71,41.18,21,62637.0,60,4668.948904500897
768,69708.0,9795.0,12,5.81,12.05,22,85474.0,32,8046.510886776613
695,83620.0,46424.0,36,5.23,18.09,5,1737.0,22,778.4051394001345
620,51890.0,42766.0,12,10.98,12.93,28,83276.0,55,1493.2029601824877
721,25776.0,46321.0,60,6.94,34.62,1,54703.0,19,787.6074819033206
594,36309.0,46903.0,48,14.6,12.7,0,27885.0,26,709.6806700140487
327,81681.0,48934.0,12,13.43,37.61,30,44553.0,50,384.5602453776378
542,125423.0,47641.0,48,11.33,22.97,7,65054.0,60,567.7442554105019
687,79129.0,28616.0,36,9.65,15.97,33,16984.0,43,4315.10807893111
380,93543.0,14435.0,12,13.93,31.93,17,13186.0,56,7270.135087711416
641,116826.0,11548.0,24,4.85,31.64,20,32826.0,21,7762.049247676021
768,29200.0,37994.0,12,4.33,15.89,22,67808.0,47,2411.426963446984
719,95532.0,30766.0,48,12.81,48.31,25,96516.0,19,3879.0695449828563
515,59499.0,5161.0,36,14.62,25.07,19,33172.0,56,9067.474747989238
405,108397.0,48039.0,24,2.91,21.92,3,99279.0,34,516.4862676800298
846,109899.0,46800.0,24,10.28,40.08,8,38744.0,18,664.7994593013052
514,140824.0,34259.0,60,12.59,11.58,15,28804.0,47,3248.7712992942743
495,92099.0,38365.0,60,7.87,28.43,0,20982.0,61,2442.2426265710073
320,109599.0,34165.0,12,8.81,28.0,27,13275.0,53,3325.276787784977
664,51966.0,25281.0,24,6.58,24.33,17,51952.0,34,4987.76326152832
552,50087.0,28225.0,60,4.82,46.37,27,18302.0,26,4464.647824694439
345,149972.0,15754.0,24,10.96,14.32,15,20625.0,69,7001.095649737414
353,34199.0,33495.0,24,6.72,16.48,4,40643.0,33,3467.6450714622115
560,21560.0,42481.0,12,10.85,30.31,14,7903.0,32,1623.3840607005286
549,68290.0,32044.0,36,5.86,45.63,3,21577.0,18,3684.051755494445
360,25109.0,17087.0,60,13.62,40.4,6,67313.0,28,6731.623455615331
709,53662.0,48619.0,36,5.46,21.93,24,74353.0,50,313.07590822290655
659,140585.0,45846.0,12,8.44,24.09,16,67262.0,21,894.1169421608975
480,117419.0,23752.0,24,11.17,19.35,4,9215.0,49,5348.003528804328
504,145133.0,24033.0,48,12.78,21.49,2,47258.0,61,5290.7795152078115
489,135512.0,30169.0,48,13.38,33.38,3,41954.0,26,4082.8696753880245
805,106206.0,29817.0,36,10.45,36.66,24,36113.0,27,4037.4579325597733
412,100559.0,28253.0,12,11.85,27.06,32,1779.0,67,4466.048272649481
403,132340.0,23745.0,12,9.72,34.85,17,23932.0,33,5374.449984402607
420,146446.0,43659.0,36,4.69,18.27,17,50477.0,65,1392.5223217665423
775,144873.0,26384.0,24,9.14,48.23,34,51514.0,46,4752.140428501406
704,117883.0,38069.0,48,12.53,30.55,12,22419.0,33,2433.704909215811
660,53397.0,15403.0,24,3.98,26.54,6,19563.0,21,6991.9107602801205
357,93609.0,32065.0,36,14.11,19.63,17,16704.0,32,3749.7888246445423
809,44070.0,20222.0,12,2.6,20.34,5,12666.0,28,5983.515379620438
567,28820.0,27668.0,48,3.77,13.26,20,68222.0,55,4532.496300965674
374,81550.0,47963.0,36,3.12,45.17,14,59624.0,63,570.1391963923259
528,67614.0,6125.0,24,14.48,42.04,29,77475.0,29,8881.486553079287
389,131562.0,12710.0,48,12.84,24.77,7,11539.0,22,7617.3336509987785
685,145816.0,21029.0,12,9.64,23.57,23,83641.0,45,5833.326845317949
553,123320.0,25733.0,60,12.55,33.83,15,10702.0,52,4967.601057598838
744,130022.0,36186.0,48,12.3,26.43,0,90518.0,20,2796.995166178673
417,44578.0,19716.0,24,13.04,26.06,23,11953.0,21,6200.4292168066195
450,26640.0,31122.0,60,11.72,22.94,24,36901.0,35,3900.087921971036
630,75761.0,28171.0,24,9.97,37.3,19,26140.0,54,4449.925991665499
719,116059.0,15983.0,36,5.75,42.85,18,15690.0,47,6847.260468802219
352,88760.0,24363.0,48,8.24,49.88,9,12178.0,20,5305.788510240857
412,102310.0,47668.0,36,4.86,23.28,23,50715.0,63,595.0334657621814
770,65272.0,23888.0,36,6.57,31.87,6,38889.0,56,5258.26984141867
459,94859.0,28164.0,48,12.34,39.16,33,10976.0,24,4489.376043682701
749,67837.0,48241.0,12,6.33,38.81,33,19935.0,20,405.96570405016496
545,100097.0,35682.0,60,8.99,38.07,28,7526.0,63,2955.216136947787
442,54157.0,41875.0,12,11.28,26.49,17,75701.0,29,1738.523250725019
516,39623.0,8716.0,12,7.81,33.94,24,57557.0,38,8352.810038064868
639,35896.0,48596.0,48,5.89,34.13,20,7961.0,62,358.80661517490745
788,60998.0,38755.0,60,5.0,33.74,25,98644.0,67,2259.266032349193
430,72393.0,43467.0,12,7.85,24.26,29,77707.0,28,1432.9138576087196
552,68845.0,35620.0,36,10.84,11.76,16,74099.0,52,2964.3298254987994
348,75619.0,28197.0,60,13.45,21.38,20,94192.0,34,4515.053928752993
666,89274.0,21052.0,12,6.56,13.2,19,15357.0,37,5847.944958302969
350,111428.0,6529.0,48,5.26,17.21,11,27412.0,31,8848.480164205952
619,125361.0,35314.0,24,6.75,33.84,12,3650.0,28,3024.110205593096
317,127803.0,5282.0,60,9.38,47.52,14,48340.0,62,9103.112256370601
517,39975.0,29487.0,60,9.71,45.04,11,55991.0,67,4218.706843708791
447,102189.0,12239.0,12,14.17,11.59,13,47322.0,31,7686.140907441988
524,110600.0,12052.0,24,11.71,37.69,21,81218.0,58,7690.379175791355
372,50015.0,7023.0,48,4.08,36.87,32,8998.0,47,8741.927351502502
361,132992.0,29282.0,12,8.84,48.32,4,53014.0,32,4298.90023908697
442,143782.0,41727.0,36,8.39,14.77,2,50311.0,19,1767.3714359152434
464,143191.0,20892.0,48,12.93,12.19,7,48113.0,46,5939.866581971002
831,41288.0,22069.0,36,14.11,15.57,7,85914.0,63,5588.011754146913
521,112324.0,28551.0,60,3.82,22.55,2,43310.0,44,4393.9837900053935
460,71184.0,10051.0,24,10.69,17.08,25,3543.0,47,8128.791462561859
513,82046.0,38848.0,36,9.6,30.18,29,36901.0,44,2344.0020730899996
354,121872.0,22071.0,12,7.66,24.24,19,86799.0,69,5722.756594171441
628,143629.0,39742.0,60,13.1,33.81,19,26708.0,53,2138.661510703682
553,85128.0,20352.0,36,6.78,41.12,12,19787.0,60,6041.007202893826
386,136891.0,44901.0,36,7.44,25.28,13,13231.0,48,1165.1014421518519
350,141332.0,28762.0,60,7.14,22.5,16,50374.0,37,4401.254525863183
481,33760.0,26253.0,12,3.56,16.4,1,59010.0,36,4841.163212173366
758,112447.0,12896.0,24,11.45,28.32,13,98971.0,56,7430.249367496749
675,39129.0,47468.0,12,11.98,46.1,13,92259.0,33,548.3224097318378
427,59062.0,23099.0,60,5.82,45.24,20,96330.0,39,5515.1203146868
311,77372.0,17504.0,60,5.94,26.11,13,84085.0,26,6656.537625638868
460,65028.0,25421.0,12,11.48,37.57,33,95310.0,18,5023.057215035699
623,32201.0,6633.0,60,9.33,10.28,33,20595.0,62,8725.742373934536
473,111659.0,35911.0,60,13.6,35.82,4,17558.0,64,2965.2858294301936
831,87889.0,18279.0,24,11.44,41.97,7,72390.0,64,6348.197039307423
706,91431.0,33211.0,12,10.3,20.12,33,54943.0,27,3399.73759846883
410,95897.0,17448.0,60,8.35,44.34,34,80771.0,69,6622.582578716309
337,70072.0,10249.0,60,5.62,22.61,14,14591.0,41,8104.237317896174
774,87649.0,47951.0,36,6.89,21.37,15,88887.0,31,439.1398937433708
845,20526.0,42900.0,36,3.53,47.27,6,21630.0,48,1434.201450824416
784,42431.0,18428.0,48,5.23,15.87,25,58759.0,26,6321.397077957236
311,29903.0,37003.0,36,12.27,42.39,0,26393.0,53,2775.1284086089167
577,24470.0,16439.0,12,10.28,48.46,18,23332.0,23,6820.309333219098
426,86061.0,42823.0,60,11.74,21.91,31,36538.0,18,1579.8987813676777
529,44574.0,24201.0,24,8.94,15.33,6,97247.0,43,5238.8826561332535
444,50027.0,27669.0,48,10.77,30.5,5,89494.0,40,4572.502751118913
385,26368.0,10469.0,36,13.38,30.02,3,35010.0,32,8067.202305697568
645,62874.0,34984.0,36,10.36,42.55,3,89826.0,19,3055.963033301377
325,71195.0,34197.0,60,10.77,20.77,15,28511.0,26,3322.804637577728
375,117624.0,10542.0,48,5.9,34.17,2,8314.0,65,8045.407514788411
584,124199.0,24909.0,36,3.36,14.35,17,20968.0,40,5066.5816105870235
649,46015.0,29570.0,48,8.87,30.44,20,13306.0,31,4147.805086429826
315,70106.0,41618.0,60,8.3,41.34,18,89402.0,44,1846.2928361623817
579,100688.0,42211.0,60,10.13,12.28,32,20539.0,64,1647.8727202895643
558,130091.0,6431.0,48,2.88,45.2,28,13334.0,62,8797.984232870735
765,74615.0,14596.0,12,11.77,49.06,22,46389.0,63,7110.228012408205
823,80112.0,28705.0,48,13.25,40.63,19,41111.0,44,4270.910183560758
776,100435.0,47685.0,48,3.22,46.45,11,73366.0,26,487.8317308211748
798,105956.0,48108.0,36,8.98,49.3,20,86335.0,25,387.6678138409336
374,22396.0,42285.0,48,11.87,12.18,32,44527.0,39,1680.4474681909378
434,32984.0,19484.0,24,4.82,49.82,8,57851.0,22,6251.991338731624
584,21239.0,35930.0,36,13.05,47.04,4,83683.0,54,2890.3819076853088
314,46958.0,11171.0,36,6.25,49.69,15,17358.0,58,7949.000030447352
519,111357.0,12788.0,12,2.99,39.15,26,97605.0,47,7538.933769172404
588,37602.0,17330.0,60,7.19,27.31,27,93102.0,32,6606.530395237949
812,41427.0,37125.0,60,8.75,37.68,24,35281.0,27,2596.1080949098978
346,103309.0,31661.0,48,14.39,33.0,4,70192.0,65,3828.867449902198
408,128295.0,16101.0,48,4.64,40.49,22,44645.0,59,6895.193729488308
627,145261.0,47870.0,48,5.39,42.96,31,84790.0,66,491.953602265255
318,91635.0,5258.0,24,6.93,15.84,28,47307.0,41,9107.090932467136
580,85455.0,41751.0,12,6.42,30.0,33,76669.0,38,1726.6431978950209
300,119950.0,35798.0,48,7.89,13.11,4,91239.0,33,3005.4342811951137
396,136400.0,29259.0,24,5.9,44.46,23,70248.0,57,4279.530167971239
406,41804.0,48590.0,24,5.37,39.81,17,1242.0,21,439.77020799203086
328,46916.0,14369.0,36,3.79,41.33,27,91655.0,22,7297.804718101236
382,48602.0,33927.0,12,8.31,10.96,5,92934.0,30,3329.4922851859033
685,146945.0,31475.0,48,9.66,39.66,29,99862.0,26,3747.043982172935
535,46385.0,23450.0,12,14.6,32.88,13,32980.0,64,5411.953789927504
314,98339.0,34055.0,24,10.79,17.6,19,38032.0,34,3347.532466763785
718,48145.0,26636.0,60,7.9,49.09,23,6749.0,22,4735.208519508489
752,53933.0,30592.0,12,6.58,39.21,10,23519.0,52,3925.033892400601
619,82768.0,19472.0,12,14.99,16.75,2,35670.0,66,6178.96175457678
352,71571.0,11295.0,12,10.47,32.56,24,35030.0,35,7874.045178456747
500,121660.0,21905.0,24,12.54,29.35,17,19462.0,68,5718.393458589411
784,144938.0,40941.0,12,3.15,13.81,20,5544.0,46,1829.516467501588
538,98797.0,17258.0,12,10.09,37.8,2,50539.0,43,6644.848347562968
810,141826.0,21035.0,36,5.59,31.02,17,47218.0,60,5810.447736326895
825,89298.0,32523.0,48,4.79,45.88,12,51507.0,43,3516.960295865638
362,91260.0,26038.0,60,2.91,48.15,4,18608.0,18,4964.6311883400285
730,90135.0,19939.0,36,3.13,19.88,23,12062.0,19,6055.260320617156
761,84324.0,14283.0,24,4.66,14.9,12,68371.0,22,7170.228798130637
481,49856.0,28172.0,60,12.81,13.22,34,84294.0,45,4459.782373837063
417,118818.0,47821.0,60,10.97,41.02,10,94491.0,25,563.4188757022156
347,111748.0,31987.0,12,7.78,23.21,2,50468.0,47,3764.7006550153537
745,25626.0,29858.0,48,13.16,32.02,12,99096.0,65,4042.66320957933
583,22050.0,15526.0,36,13.92,44.91,0,60091.0,28,6999.84547651217
438,92715.0,28252.0,12,5.43,30.82,7,14692.0,33,4499.475627806552
605,127288.0,13706.0,24,4.34,27.19,24,48114.0,21,7317.371029843041
527,70861.0,15028.0,36,13.86,22.52,0,22912.0,25,7108.543920827178
369,90981.0,13080.0,12,4.13,10.17,34,29283.0,21,7527.26088045512
736,59214.0,34334.0,48,13.72,29.85,9,74599.0,30,3179.274361911869
641,96367.0,11710.0,12,11.05,20.96,11,61245.0,59,7717.935218667001
419,49430.0,36007.0,36,3.3,44.05,2,93789.0,36,2937.8342333394626
398,138618.0,35874.0,24,4.46,43.05,0,17322.0,46,2978.7503053349537
799,67908.0,27360.0,36,5.16,12.15,23,55823.0,69,4537.9487729468365
668,106231.0,14956.0,36,6.42,43.04,15,28942.0,35,7071.914648537391
648,36082.0,7643.0,24,3.49,49.83,25,45117.0,66,8552.376594861531
595,64965.0,35573.0,36,9.6,35.4,0,68274.0,58,2973.7992198820943
637,65084.0,11704.0,12,12.06,22.6,6,34206.0,35,7739.304912125925
371,24263.0,41487.0,36,11.18,44.74,7,10100.0,23,1867.4018455634528
569,57412.0,23681.0,36,5.76,46.83,27,52772.0,24,5354.134620215059
538,126661.0,42804.0,60,9.74,22.49,30,91271.0,38,1530.7175792033
353,101537.0,6283.0,24,8.78,18.16,32,76928.0,23,8883.521744302623
342,31536.0,40851.0,60,7.73,11.97,30,63722.0,34,1972.981156323606
300,56877.0,12736.0,48,2.74,49.03,20,83488.0,40,7619.377089839048
404,137584.0,33044.0,12,13.58,15.33,11,13163.0,30,3549.1457186218827
493,66163.0,24715.0,24,4.67,11.89,30,81187.0,42,5134.501822354994
324,76985.0,24194.0,60,3.67,15.49,32,37493.0,64,5320.289525379828
398,89626.0,29596.0,12,5.8,18.06,11,68706.0,31,4197.145414178827
710,100818.0,30470.0,12,4.88,44.64,21,91737.0,62,3944.788692548611
325,86435.0,20078.0,24,12.52,37.17,15,56747.0,41,6161.904543590699
417,104976.0,6376.0,12,4.59,42.41,30,86339.0,27,8857.597725195788
476,103624.0,48668.0,36,7.28,35.03,28,21322.0,40,394.8646799823427
825,97475.0,36182.0,36,7.16,42.17,29,53019.0,38,2763.729155918304
754,88247.0,8712.0,60,6.13,31.2,2,58466.0,23,8289.68434189425
543,77492.0,5488.0,36,12.71,19.04,23,65641.0,44,8975.17246238474
595,124540.0,16918.0,36,4.38,14.81,26,81099.0,20,6687.475463287273
655,132214.0,6727.0,36,5.18,14.27,14,132.0,49,8709.312120092167
398,94038.0,49311.0,24,5.6,10.0,4,81932.0,59,266.85000367407827
658,57641.0,13636.0,36,11.0,12.4,22,95380.0,25,7300.634642225821
774,41172.0,12848.0,36,11.3,12.02,11,34160.0,20,7460.94733155674
584,141750.0,11852.0,24,12.61,39.58,18,61597.0,52,7720.629312644888
674,122665.0,13533.0,48,6.11,36.9,9,57894.0,41,7351.049688165311
472,29077.0,34956.0,36,6.77,44.97,7,18705.0,61,3126.3062394538456
678,111194.0,41768.0,36,4.82,26.75,28,32125.0,52,1691.566926219263
389,65648.0,39171.0,24,10.89,42.58,20,5993.0,53,2322.4573577587494
319,101470.0,29981.0,48,9.46,23.25,22,71185.0,21,4160.036035170842
398,42534.0,5163.0,12,11.18,17.38,22,39029.0,18,9113.84312795129
572,142720.0,21044.0,24,5.79,37.3,8,368.0,65,5911.179186828034
491,91719.0,36238.0,60,10.4,42.82,5,29086.0,54,2878.2475402056416
607,132301.0,26727.0,12,6.78,21.33,11,30699.0,37,4743.720654421727
701,57567.0,49251.0,24,3.17,39.23,17,73173.0,28,196.56494229060957
524,32182.0,17149.0,12,5.66,11.8,25,40297.0,55,6654.191904135375
570,141789.0,22824.0,12,6.91,17.74,18,39832.0,33,5508.271731933271
472,120686.0,41224.0,12,12.03,33.97,21,44013.0,27,1870.0871539305142
636,84288.0,41060.0,48,7.15,26.21,32,50721.0,30,1840.3041700179315
489,138681.0,34734.0,12,14.31,19.05,20,99764.0,39,3144.3953140617796
820,98131.0,34009.0,24,10.74,19.08,7,81948.0,35,3216.47587532435
839,64569.0,44071.0,48,12.24,49.66,30,4782.0,65,1208.788281424016
759,98301.0,21994.0,60,14.76,23.21,32,47098.0,69,5628.622011645949
560,35398.0,5587.0,60,14.73,17.82,2,91531.0,62,8970.909194644648
761,65420.0,33144.0,60,6.68,20.39,19,73953.0,33,3404.3979933461014
527,97539.0,38340.0,48,6.1,19.94,27,93286.0,53,2426.277389867016
430,55737.0,18598.0,48,11.26,41.49,25,67306.0,68,6423.855345154787
684,26737.0,43520.0,24,2.61,12.02,9,60663.0,48,1355.2646645535785
615,31046.0,41321.0,36,12.5,18.45,14,19641.0,39,1815.2867848569529
512,40953.0,15759.0,24,14.95,25.97,6,70968.0,63,6961.6719719386865
717,123537.0,46779.0,12,10.26,21.21,8,96341.0,65,696.1118996258573
714,64547.0,14160.0,12,9.02,36.6,3,17043.0,35,7218.932799798372
812,40049.0,35508.0,60,14.88,30.51,26,57442.0,44,2905.696809859398
452,36371.0,7472.0,60,3.82,13.8,1,10707.0,37,8624.384829417399
690,20956.0,36703.0,60,11.96,11.42,11,90365.0,45,2697.5759888534167
380,41792.0,8726.0,48,10.31,16.16,18,95335.0,42,8386.317801893058
460,117955.0,43314.0,48,5.27,30.13,19,1067.0,44,1463.599923929905
519,103300.0,12967.0,48,13.77,23.82,21,48037.0,26,7514.066043763659
312,103186.0,14557.0,24,5.82,49.31,25,15629.0,39,7265.086073305295
767,33629.0,27436.0,24,5.47,24.52,4,25032.0,55,4564.547807312675
740,118762.0,31201.0,36,6.01,45.46,2,54646.0,48,3810.9026795664886
653,60042.0,38328.0,60,8.75,20.04,33,75282.0,60,2390.392996242434
676,77660.0,35268.0,36,12.84,29.02,9,36486.0,68,3016.128202248112
457,77775.0,25103.0,60,4.92,15.02,29,13265.0,60,5078.5238754602915
691,118511.0,34309.0,48,7.25,48.46,12,8536.0,69,3185.620020774699
551,96242.0,12099.0,36,2.78,36.82,22,769.0,53,7683.418240612058
810,57311.0,46674.0,12,13.23,47.96,17,59946.0,65,685.4656173786395
452,68320.0,14127.0,48,10.03,39.67,18,69586.0,52,7290.30451387814
456,46017.0,28481.0,12,9.95,44.3,16,82143.0,27,4410.947596449775
612,89350.0,44961.0,12,10.17,30.47,21,10481.0,42,1091.370048366996
622,117659.0,9895.0,24,8.94,22.31,13,48928.0,19,8083.228514325802
507,143618.0,34371.0,48,11.32,38.49,25,97170.0,22,3234.282345733899
546,39426.0,39084.0,36,11.43,12.78,22,83028.0,41,2247.935702893771
757,147844.0,47719.0,12,14.67,39.38,16,32214.0,58,478.227056110285
472,47961.0,34312.0,24,11.88,20.82,1,6273.0,19,3267.3314645861747
572,87675.0,9481.0,48,13.85,26.57,27,52389.0,18,8181.137891462528
588,124386.0,13329.0,48,4.63,43.96,4,65557.0,50,7416.067161857553
660,33507.0,16280.0,12,10.31,13.88,0,76631.0,19,6789.748343100523
710,37778.0,48617.0,12,6.8,19.39,0,49377.0,28,320.3762739858956
304,22920.0,22073.0,60,14.19,18.17,22,8789.0,32,5764.337936027837
692,148496.0,13906.0,36,10.05,42.74,17,62370.0,57,7260.98225443886
787,32857.0,31062.0,24,3.56,30.86,20,65131.0,55,3812.8368511999333
693,31303.0,38535.0,36,13.61,27.7,9,82315.0,55,2337.407105787466
735,101182.0,33625.0,48,11.43,48.99,9,37387.0,19,3328.6234653786823
377,59030.0,13004.0,60,10.37,11.01,8,90648.0,48,7534.568376560815
534,141863.0,46855.0,36,5.28,27.79,4,15764.0,47,713.1999957522696
300,52196.0,24921.0,24,14.69,13.66,8,58408.0,25,5194.252527936961
771,75337.0,31523.0,36,7.73,20.83,20,46451.0,63,3720.445171450016
353,122650.0,15793.0,60,14.2,31.61,28,86840.0,18,6977.647968053548
430,140103.0,30923.0,48,14.59,47.22,25,86673.0,63,3957.3032634051806
431,99561.0,36358.0,12,3.27,46.6,26,35418.0,29,2877.164646619264
770,107046.0,47600.0,12,10.61,31.94,1,97927.0,47,483.10445875569155
341,98249.0,15749.0,36,3.6,15.81,6,294.0,62,7014.770386781082
799,32987.0,30364.0,36,12.58,37.37,11,27472.0,37,3950.586146812938
726,23972.0,33861.0,48,2.57,11.61,12,44140.0,23,3248.2173101453413
327,40581.0,13234.0,60,3.92,28.71,33,56017.0,20,7510.6386971024
346,37674.0,33763.0,60,3.34,31.61,20,92115.0,52,3408.3816674864443
331,133939.0,34139.0,60,11.43,40.54,32,48506.0,56,3313.945660786422
748,27424.0,49638.0,48,14.22,26.29,18,79731.0,19,105.26215753885947
731,117820.0,17677.0,60,10.6,15.74,14,99525.0,26,6480.1751181185955
341,28946.0,19289.0,36,3.65,43.76,1,47085.0,47,6311.747160352029
780,129996.0,8374.0,36,14.41,30.0,3,80378.0,68,8335.947963483686
399,31664.0,36890.0,48,13.21,10.45,25,87904.0,18,2744.2322903348654
419,50448.0,10656.0,36,8.43,35.93,3,12879.0,25,8024.476365547812
432,127188.0,44213.0,24,4.21,10.81,32,78006.0,35,1259.000178347664
719,148322.0,37371.0,60,9.96,25.33,32,78422.0,68,2564.8070551314095
587,76638.0,24169.0,48,4.57,33.33,6,27626.0,24,5275.718716609
700,107312.0,41041.0,12,2.67,26.26,6,74400.0,19,1837.0109481367272
623,31561.0,39622.0,48,3.34,48.14,1,51990.0,66,2139.9947607161926
655,144398.0,32516.0,12,7.41,24.53,18,16956.0,24,3566.9544061196457
347,61688.0,7563.0,60,9.41,19.29,22,1831.0,28,8654.6075150629
346,65350.0,26008.0,24,3.96,23.82,14,28074.0,58,4967.618507023026
668,70192.0,9531.0,60,7.37,21.22,26,74702.0,25,8126.984726709049
500,102811.0,23710.0,12,4.76,23.69,24,40524.0,25,5365.412946747479
714,107266.0,16824.0,60,4.59,12.38,19,7373.0,67,6676.657034484194
645,104878.0,17924.0,24,2.64,32.22,33,63321.0,38,6461.198413691517
815,44951.0,33982.0,60,6.93,34.77,25,17393.0,60,3211.338117452818
333,130459.0,41850.0,36,7.32,45.86,23,64280.0,49,1809.9965461981315
324,41927.0,31390.0,24,8.33,37.65,13,76794.0,25,3870.131050268028
350,148386.0,18057.0,48,12.71,35.03,26,37679.0,58,6532.1935092277945
532,128737.0,14518.0,24,3.0,36.49,1,10292.0,19,7196.376462828569
562,35317.0,44420.0,24,7.14,23.71,17,9752.0,58,1192.5472404983764
721,131822.0,16929.0,12,8.77,47.15,9,61082.0,56,6668.352452323079
742,71047.0,8471.0,12,12.12,12.15,1,62147.0,60,8332.480303019222
755,102197.0,40479.0,24,9.54,19.48,19,27909.0,67,1915.5604909447693
824,108652.0,38598.0,24,8.23,42.1,10,78858.0,47,2314.7252616788624
629,143786.0,25669.0,60,4.45,30.78,21,39220.0,63,4946.869154516053
701,87298.0,17178.0,12,3.15,12.27,11,91656.0,53,6593.5411133011485
775,25084.0,29034.0,36,10.24,25.73,11,38231.0,23,4221.418025546411
756,83416.0,33444.0,36,3.34,28.87,9,68104.0,51,3323.4430859890604
670,118317.0,23133.0,60,6.84,48.22,21,80032.0,50,5437.785080513491
471,99148.0,32037.0,12,14.17,15.53,29,28527.0,18,3710.028440665841
776,110816.0,44891.0,36,13.24,48.54,3,5424.0,20,1080.1829236524857
576,106145.0,41059.0,24,12.33,21.01,3,39462.0,18,1878.4215771046693
669,82483.0,43675.0,36,12.41,36.39,22,85374.0,43,1319.0934090693597
431,21007.0,28472.0,24,7.64,13.07,10,43074.0,18,4436.962032767193
715,45510.0,40993.0,24,5.53,30.01,10,19613.0,58,1847.6513619936388
685,126506.0,27641.0,48,6.93,35.64,14,4700.0,26,4537.09013856504
813,134474.0,35090.0,48,8.93,48.63,24,35256.0,21,3023.1721059325773
645,27564.0,26400.0,24,9.81,13.78,18,42616.0,19,4774.664744356757
712,104082.0,20422.0,60,13.85,33.98,12,9190.0,29,5992.768403034316
588,24703.0,28017.0,36,4.81,10.4,25,85435.0,32,4468.335213110189
683,147331.0,27740.0,48,14.24,19.07,2,77028.0,56,4507.906650279877
379,142901.0,44261.0,12,5.15,18.99,33,21323.0,27,1281.6832215727716
517,63642.0,33179.0,12,14.6,25.85,22,89654.0,59,3459.709344868757
590,134015.0,43328.0,60,6.79,23.8,27,3190.0,36,1413.5701636329227
402,92750.0,17686.0,60,13.7,26.03,16,66394.0,54,6594.484682562219
825,58559.0,33731.0,48,7.18,29.45,29,87236.0,41,3246.6245229003885
684,142732.0,8654.0,12,13.54,19.33,20,80729.0,41,8297.69239472859
306,94319.0,49848.0,36,7.09,19.94,25,36613.0,66,189.73493368505706
646,144132.0,28648.0,48,12.57,25.08,8,44149.0,41,4364.9911109768145
846,26960.0,38174.0,24,5.07,47.38,3,58773.0,29,2375.6332953054284
696,146267.0,46568.0,48,9.8,29.25,7,93220.0,31,713.2798819304321
678,106123.0,16556.0,60,3.34,36.38,13,20608.0,30,6749.143736253241
600,147650.0,28253.0,24,3.0,32.19,23,2765.0,54,4433.260231029215
746,27287.0,40732.0,24,4.79,39.37,26,4055.0,30,1884.9314310963923
772,59974.0,15106.0,12,8.64,25.55,21,81787.0,29,6979.494569417176
390,62207.0,27614.0,12,10.68,10.96,8,18653.0,40,4628.855709747671
327,90855.0,49976.0,36,6.41,33.77,9,40167.0,44,169.7222606010639
482,99083.0,18944.0,60,11.56,45.9,6,96544.0,34,6310.197162657728
491,148575.0,13125.0,60,4.54,31.77,2,35983.0,50,7475.064114646711
614,91626.0,46796.0,60,7.47,38.7,17,98099.0,66,702.4754902794303
679,120424.0,30537.0,48,11.07,36.9,4,76407.0,42,3947.36484667937
506,77134.0,41914.0,24,3.46,11.61,4,47599.0,66,1717.4717105077166
427,57573.0,16023.0,36,4.52,34.55,10,83096.0,34,6896.7212603202015
501,121459.0,11823.0,36,8.22,44.16,15,34731.0,18,7751.465697861603
308,112241.0,19056.0,12,5.54,48.39,4,83029.0,45,6347.284877135404
517,69481.0,32764.0,48,6.09,32.25,20,9718.0,46,3554.3003952364998
